-- CAMPUSFLOW FIELD TEST DATA SEED

INSERT INTO institutions (id, name, type) VALUES ('b7fb51be-b661-49a3-b10c-52c3a618aab6', 'CampusFlow Demo School', 'K-12');

INSERT INTO profiles (id, institution_id, role, first_name, last_name, email) VALUES 
  ('2c090582-67e9-4868-8a89-8fade6332ffb', 'b7fb51be-b661-49a3-b10c-52c3a618aab6', 'admin', 'Admin', 'User', 'admin@campusflow.test'),
  ('6504133e-b7c3-4898-a097-213223b2f818', 'b7fb51be-b661-49a3-b10c-52c3a618aab6', 'teacher', 'Lead', 'Teacher', 'teacher@campusflow.test');

INSERT INTO teachers (id, profile_id, department) VALUES ('4d984396-a22a-480a-9d1b-f68613425e42', '6504133e-b7c3-4898-a097-213223b2f818', 'Science');

INSERT INTO academic_years (id, institution_id, name, start_date, end_date) VALUES 
  ('72ca92c7-bd52-45ea-95dc-ecfb776c218f', 'b7fb51be-b661-49a3-b10c-52c3a618aab6', '2026-2027 Field Test', '2026-08-01 00:00:00', '2027-06-01 00:00:00');

INSERT INTO classes (id, institution_id, academic_year_id, academic_year, name, teacher_id) VALUES 
  ('5f1ff06e-5659-430c-a3d7-4b6a7623c9d8', 'b7fb51be-b661-49a3-b10c-52c3a618aab6', '72ca92c7-bd52-45ea-95dc-ecfb776c218f', '2026-2027 Field Test', 'Grade 7A', '4d984396-a22a-480a-9d1b-f68613425e42');

INSERT INTO students (id, institution_id, first_name, last_name, enrollment_number, qr_identifier) VALUES 
('3a9832c2-641a-46b1-8b76-3130d9612fa7', 'b7fb51be-b661-49a3-b10c-52c3a618aab6', 'Test Student', '001', '001', 'ebfcaa9c-9fe7-48e7-a725-b8a3c954e03f'),
('156ee096-4f70-4015-92ac-fc01a7a08f63', 'b7fb51be-b661-49a3-b10c-52c3a618aab6', 'Test Student', '002', '002', 'e3b59cf6-58e2-4a3c-a9f2-e9016c614d95'),
('3f519594-0ba4-458c-9f58-a19202ac810e', 'b7fb51be-b661-49a3-b10c-52c3a618aab6', 'Test Student', '003', '003', '41b2cb54-8792-445c-9e91-adc4b6543706'),
('be61d255-83a1-4988-a8c3-487534613fe2', 'b7fb51be-b661-49a3-b10c-52c3a618aab6', 'Test Student', '004', '004', '004d551c-35d5-4253-a956-8b4ccbc2c071'),
('ed972444-089f-4829-8f0b-be666c59caf7', 'b7fb51be-b661-49a3-b10c-52c3a618aab6', 'Test Student', '005', '005', '07db1c6d-8635-491a-9c34-7774b3e8f550'),
('f7794ddf-13ac-490b-9a14-d8458e085c78', 'b7fb51be-b661-49a3-b10c-52c3a618aab6', 'Test Student', '006', '006', '44ff2df8-fe60-491f-a70d-8657fd90a762'),
('704e7d18-6319-4d0d-8b17-1507d3a69a10', 'b7fb51be-b661-49a3-b10c-52c3a618aab6', 'Test Student', '007', '007', '04437f63-2e78-401c-bec2-de869af2848d'),
('0684b6c9-8e20-4cbb-bd97-c6d571e3fa2e', 'b7fb51be-b661-49a3-b10c-52c3a618aab6', 'Test Student', '008', '008', 'cf43bbb8-7995-4aeb-b6ae-f241ed09567d'),
('a1bbbdab-76b0-4beb-ae41-7b80d77cb5d2', 'b7fb51be-b661-49a3-b10c-52c3a618aab6', 'Test Student', '009', '009', 'cd001a77-0ae6-4710-abb5-121b3dc0c02e'),
('629d623a-7985-4a7b-95d3-94716066a937', 'b7fb51be-b661-49a3-b10c-52c3a618aab6', 'Test Student', '010', '010', '7c5674e8-e60a-49b7-b649-a742f6e26f98'),
('76678362-9001-446c-a990-7b244f90820d', 'b7fb51be-b661-49a3-b10c-52c3a618aab6', 'Test Student', '011', '011', 'e1449a22-27b2-4cdc-9d06-a6dbbf7b5653'),
('d0e2d706-6490-4bce-aea2-d3226c464b32', 'b7fb51be-b661-49a3-b10c-52c3a618aab6', 'Test Student', '012', '012', '85279a4c-04ab-41c3-9db3-8c796dc6a234'),
('d46e4b89-c84b-4e17-a974-de5f8987c00f', 'b7fb51be-b661-49a3-b10c-52c3a618aab6', 'Test Student', '013', '013', '46d4d795-41ae-47b1-b326-207c90153187'),
('f449521e-dc6a-4709-88b4-d20455c150fb', 'b7fb51be-b661-49a3-b10c-52c3a618aab6', 'Test Student', '014', '014', '7c1d2a1f-976c-4175-9daf-779640d90049'),
('4a3707de-1d75-4709-8fcb-d9aab5bf636c', 'b7fb51be-b661-49a3-b10c-52c3a618aab6', 'Test Student', '015', '015', '502190e0-670f-454e-8df8-4ad9ce9f1ec0'),
('3027ff49-6a91-44e5-8245-7e2865c7e9ed', 'b7fb51be-b661-49a3-b10c-52c3a618aab6', 'Test Student', '016', '016', '4aa91a05-cf71-4e83-aa45-9d2c4bcd6a0f'),
('708febcb-473c-4226-ac06-5522d5c6b0c2', 'b7fb51be-b661-49a3-b10c-52c3a618aab6', 'Test Student', '017', '017', '1e9f59f8-6064-4070-8aa9-1e650054467f'),
('fa6ff7ad-632b-48a1-a487-199fd7d5a548', 'b7fb51be-b661-49a3-b10c-52c3a618aab6', 'Test Student', '018', '018', '1fc5bebb-4414-4cd2-b9b9-056c687e7202'),
('5d411f76-d252-4229-acdf-f1ea2c6c3100', 'b7fb51be-b661-49a3-b10c-52c3a618aab6', 'Test Student', '019', '019', '78b7f29a-6cef-49e7-b833-330aa1f78ce7'),
('ef1b7dc0-ed31-45d1-9511-2917a5f3be2d', 'b7fb51be-b661-49a3-b10c-52c3a618aab6', 'Test Student', '020', '020', 'ec9e1ba3-884d-485b-9da4-91156c4f4e1e'),
('3d71590b-749c-40b7-8bb6-79c7a9c25c6c', 'b7fb51be-b661-49a3-b10c-52c3a618aab6', 'Test Student', '021', '021', '0ff93053-52f7-4921-96b2-2fc8df5c555c'),
('acb9ab92-5e4f-4903-ae87-130d09dfd35d', 'b7fb51be-b661-49a3-b10c-52c3a618aab6', 'Test Student', '022', '022', '51820883-3205-4d45-9086-956137f9d9e7'),
('d6395c1d-701e-495a-8282-c687e2237017', 'b7fb51be-b661-49a3-b10c-52c3a618aab6', 'Test Student', '023', '023', '5f318ad5-5f13-40c6-8e5e-6e78a7f5df6c'),
('6488a45f-2829-42bc-9884-9f84948ec01d', 'b7fb51be-b661-49a3-b10c-52c3a618aab6', 'Test Student', '024', '024', '84045048-2fcb-4f3b-b5f8-45b9769d2ba9'),
('6fb62a9d-9485-4203-8dcb-5121172087d0', 'b7fb51be-b661-49a3-b10c-52c3a618aab6', 'Test Student', '025', '025', 'edaef900-6ea8-4582-858c-96c1e25eefda'),
('e0b772be-8de7-4622-a1b3-1a6d44090b5f', 'b7fb51be-b661-49a3-b10c-52c3a618aab6', 'Test Student', '026', '026', '3a218eca-a2c5-4e3f-9086-65c825aee3a1'),
('9b0e5261-c65b-4900-8f01-35876c3e7b4a', 'b7fb51be-b661-49a3-b10c-52c3a618aab6', 'Test Student', '027', '027', '223f484e-9d88-4a8b-b47b-0669fbdcc0ed'),
('1cb78325-8de8-441f-b8dd-38a43ef2fafb', 'b7fb51be-b661-49a3-b10c-52c3a618aab6', 'Test Student', '028', '028', '123682a4-d6e5-4c81-90d4-edd9db3c63f3'),
('461d7faf-7f8e-4c22-8ea3-56b7604cb225', 'b7fb51be-b661-49a3-b10c-52c3a618aab6', 'Test Student', '029', '029', '92bc7737-e5fa-485c-934e-4a5d3d23b146'),
('f4099751-4aeb-4760-9603-1cd15e8eb7aa', 'b7fb51be-b661-49a3-b10c-52c3a618aab6', 'Test Student', '030', '030', 'ad337da4-d379-492c-8a19-ab8e50d3d469'),
('73213b47-bccf-494e-ad92-ba1b5f8a0dac', 'b7fb51be-b661-49a3-b10c-52c3a618aab6', 'Test Student', '031', '031', '4b9c8ba9-9b2b-4715-947e-2a4fc0608722'),
('3241b451-b96c-424d-987f-822191c661a8', 'b7fb51be-b661-49a3-b10c-52c3a618aab6', 'Test Student', '032', '032', '8bb89757-b2ee-412d-aa63-50ce9be9115e'),
('c1022630-c1c7-44dd-abe2-c5caf6d7b991', 'b7fb51be-b661-49a3-b10c-52c3a618aab6', 'Test Student', '033', '033', '7c888df6-9ac8-408c-9851-7707bd8ce8a6'),
('b9c9954f-073f-4c17-a124-6b2a5be8f403', 'b7fb51be-b661-49a3-b10c-52c3a618aab6', 'Test Student', '034', '034', 'af38b2a4-92f8-4df2-8649-b3284f93b672'),
('be49b58b-5a71-4de8-b077-53e0948c96a9', 'b7fb51be-b661-49a3-b10c-52c3a618aab6', 'Test Student', '035', '035', 'd3ead94f-553e-485a-b303-e70197263d6f'),
('ee4cb7a6-ff2e-43d0-9770-f30b946b3731', 'b7fb51be-b661-49a3-b10c-52c3a618aab6', 'Test Student', '036', '036', '91ddb141-b9cb-4a3c-8b36-e7b7216e2220'),
('d5a62ee1-9e6a-432a-9219-11de4765da85', 'b7fb51be-b661-49a3-b10c-52c3a618aab6', 'Test Student', '037', '037', '8f54e987-4fa3-425a-abf9-ed5073155375'),
('1f021ed7-6a6f-42fe-8997-059732bf3f20', 'b7fb51be-b661-49a3-b10c-52c3a618aab6', 'Test Student', '038', '038', '3bac4a48-de25-49ce-98ca-58bb1bdb2017'),
('69a30571-cf59-43d3-bac8-49f63d973dd6', 'b7fb51be-b661-49a3-b10c-52c3a618aab6', 'Test Student', '039', '039', '91dfd94b-dff3-47ae-83f7-36ad061c795e'),
('bbd87515-2cf2-479c-9301-077380bb5729', 'b7fb51be-b661-49a3-b10c-52c3a618aab6', 'Test Student', '040', '040', 'ac0bbf1c-e805-420a-8861-3643a95c5b01'),
('aeaa4b1b-b0d8-4f33-94a1-94203d649b16', 'b7fb51be-b661-49a3-b10c-52c3a618aab6', 'Test Student', '041', '041', '15d8e09f-1d21-408d-b541-193db7d7ab65'),
('4ebc52c4-4259-41a0-b771-4f7206b483b3', 'b7fb51be-b661-49a3-b10c-52c3a618aab6', 'Test Student', '042', '042', '6700ddc3-95ca-4609-8fa3-9041e0d177da'),
('d2f51e4e-9da2-4067-8cc1-9f758edbeb64', 'b7fb51be-b661-49a3-b10c-52c3a618aab6', 'Test Student', '043', '043', '2841a06e-e72f-48f2-a4f2-24cb560ffd88'),
('dcf8b9ad-603e-4cc4-a1b3-4d7ec26bfc57', 'b7fb51be-b661-49a3-b10c-52c3a618aab6', 'Test Student', '044', '044', '8bb9ed1b-9de0-4a03-8906-a2cdc63e22f2'),
('9c164557-db65-4827-86e2-b6c0922d5808', 'b7fb51be-b661-49a3-b10c-52c3a618aab6', 'Test Student', '045', '045', '1adb15c5-affc-49f4-aebb-2341bf85b231'),
('a3a20fa8-20fd-4dec-bf9e-a909f3f81c50', 'b7fb51be-b661-49a3-b10c-52c3a618aab6', 'Test Student', '046', '046', '4ba50959-c3a6-4e80-9c5c-764fb88cc373'),
('173f393c-2e68-48f0-b527-6d88e501ffac', 'b7fb51be-b661-49a3-b10c-52c3a618aab6', 'Test Student', '047', '047', '2eb1ace2-3b7c-434a-a592-012c0d503477'),
('a233e21a-d1b1-43e0-93b2-fcb8e7337a91', 'b7fb51be-b661-49a3-b10c-52c3a618aab6', 'Test Student', '048', '048', '406f0285-6fbd-409e-b99f-7991d8e71ede'),
('90bd7d2a-90e3-4c87-a7bc-4bbc18b31db9', 'b7fb51be-b661-49a3-b10c-52c3a618aab6', 'Test Student', '049', '049', '07bf75e1-a9b0-4e6b-824f-96e1ebb6e2e7'),
('e3ed06ad-642c-4d73-b96c-370d4e908f70', 'b7fb51be-b661-49a3-b10c-52c3a618aab6', 'Test Student', '050', '050', '23bfc348-ebfe-4888-915b-7387e8932ee9'),
('82831038-2f94-47f7-b296-d4028fdd3c3c', 'b7fb51be-b661-49a3-b10c-52c3a618aab6', 'Test Student', '051', '051', '5770d7cb-286f-435a-8038-cd1553162327'),
('67f3a9f9-7e30-4cf1-9ac3-c8a904011af5', 'b7fb51be-b661-49a3-b10c-52c3a618aab6', 'Test Student', '052', '052', '5467f6a6-487c-47c3-9bfb-726955f4b0a9'),
('ff58220e-dc85-4816-a094-d3825395178b', 'b7fb51be-b661-49a3-b10c-52c3a618aab6', 'Test Student', '053', '053', 'b3671356-5ed5-4247-b3b3-c33ba4d9f83b'),
('bc2f2f1c-2704-48a9-9a34-ba0bf1c05d16', 'b7fb51be-b661-49a3-b10c-52c3a618aab6', 'Test Student', '054', '054', '6364c45c-e21e-490b-90b6-fb8cddbc3ccf'),
('8ecf417b-801f-4825-afb9-f264d2b3486e', 'b7fb51be-b661-49a3-b10c-52c3a618aab6', 'Test Student', '055', '055', 'ea770a32-1cc3-43e3-bed9-9f7499bf56b9'),
('8e6c388e-d9a8-44ca-a3af-4189f6968f84', 'b7fb51be-b661-49a3-b10c-52c3a618aab6', 'Test Student', '056', '056', '2116e591-87f7-437c-9647-566a7b4d1fdd'),
('722e24f2-b240-474a-8ea2-a3eacac44758', 'b7fb51be-b661-49a3-b10c-52c3a618aab6', 'Test Student', '057', '057', '21b18bdc-369f-4c7c-8cd5-f65d69a5df86'),
('f845433e-bb8f-4428-b796-d63aa0a0ca44', 'b7fb51be-b661-49a3-b10c-52c3a618aab6', 'Test Student', '058', '058', '921ff414-e52e-40ab-b4be-25af441486d6'),
('84506ad4-b1f4-479c-93c2-8277514f274b', 'b7fb51be-b661-49a3-b10c-52c3a618aab6', 'Test Student', '059', '059', 'e27f511d-2e99-41a4-ba43-fd29c849a502'),
('e5ac82a4-46cf-447a-9d20-523658ada706', 'b7fb51be-b661-49a3-b10c-52c3a618aab6', 'Test Student', '060', '060', '59198250-61aa-4390-9aba-c0162df38815'),
('0835fe63-c109-4b88-b86f-ca21f276e27d', 'b7fb51be-b661-49a3-b10c-52c3a618aab6', 'Test Student', '061', '061', 'e00bd7ba-53ee-414c-a366-f20607033bcf'),
('717102f4-30f1-4f18-8fd3-6ead64d67a14', 'b7fb51be-b661-49a3-b10c-52c3a618aab6', 'Test Student', '062', '062', '9bd25493-09d4-4b72-b8be-470e175a84e9'),
('c45cac27-a9f2-4d62-820e-805938846dbc', 'b7fb51be-b661-49a3-b10c-52c3a618aab6', 'Test Student', '063', '063', '6d727d91-7cec-46fb-94ad-13abab9f59b2'),
('c92d7d0a-2ecb-498f-a4c4-ea259abb3f87', 'b7fb51be-b661-49a3-b10c-52c3a618aab6', 'Test Student', '064', '064', '5950fe20-a3e4-4e14-af84-152543f8f08e'),
('0fb83c99-8fe4-4552-8c3b-38c2dc643ccd', 'b7fb51be-b661-49a3-b10c-52c3a618aab6', 'Test Student', '065', '065', '3792bfd9-118a-4cfa-9b14-173080584d57'),
('22837c06-ee57-4c93-849b-d2c79600a9f4', 'b7fb51be-b661-49a3-b10c-52c3a618aab6', 'Test Student', '066', '066', 'ccd95fbb-711a-4c8d-a501-344430790bfe'),
('92a44b2b-af10-48e6-bbef-ed8ab754cba8', 'b7fb51be-b661-49a3-b10c-52c3a618aab6', 'Test Student', '067', '067', 'c3e206ba-d531-49a4-99ed-243cd1197e9c'),
('e55c23f3-43b5-4aae-b5e8-a656dfed2ac2', 'b7fb51be-b661-49a3-b10c-52c3a618aab6', 'Test Student', '068', '068', '15f7db75-f4a4-4c09-a989-63a720471bf5'),
('cba016c7-70c2-4de1-93e6-ba22b0d2ae04', 'b7fb51be-b661-49a3-b10c-52c3a618aab6', 'Test Student', '069', '069', 'a266bf6c-3068-4c02-9cb7-22a4467e37ff'),
('16851582-eb50-4c2d-b816-eed7e09191a8', 'b7fb51be-b661-49a3-b10c-52c3a618aab6', 'Test Student', '070', '070', '766e27bc-621b-4e26-855b-49daa73fbe55'),
('7b5d1d4d-e44d-4ce9-a0f3-99fcf5eb4cf8', 'b7fb51be-b661-49a3-b10c-52c3a618aab6', 'Test Student', '071', '071', 'f577d824-f15f-40ba-990c-a54a69b256f6'),
('9004b638-1925-4ab8-997a-6f2b0e78336f', 'b7fb51be-b661-49a3-b10c-52c3a618aab6', 'Test Student', '072', '072', 'e1af1def-8192-491c-bf39-91f303dbdfeb'),
('85d49d73-c8ea-4aec-b6d6-62eff91f2fbe', 'b7fb51be-b661-49a3-b10c-52c3a618aab6', 'Test Student', '073', '073', '999f804a-7bff-4bd3-a792-e6869e18ff67'),
('17e1231f-9d2b-40ed-9ae5-16e1d2c48313', 'b7fb51be-b661-49a3-b10c-52c3a618aab6', 'Test Student', '074', '074', '70000b39-695e-4af7-8a49-f7dc7e10c120'),
('9ad571a0-f326-4da0-91db-ebaa210aab27', 'b7fb51be-b661-49a3-b10c-52c3a618aab6', 'Test Student', '075', '075', '560dd892-56d3-43ae-8725-3003b5cd5679'),
('a75ceab8-a1ce-4099-a93b-0e7ba7db8c76', 'b7fb51be-b661-49a3-b10c-52c3a618aab6', 'Test Student', '076', '076', 'bb566076-adee-4200-a300-1817933b2fac'),
('5b40dabe-2c6b-4fb6-9bd6-bfdc492145ee', 'b7fb51be-b661-49a3-b10c-52c3a618aab6', 'Test Student', '077', '077', '76ade30b-e3a7-4d15-b1b1-d516b5ab4aef'),
('aff9fef5-0169-4342-a5c6-b7862dfdc5f3', 'b7fb51be-b661-49a3-b10c-52c3a618aab6', 'Test Student', '078', '078', 'dda21361-100d-463b-ad64-568df54c4cd2'),
('9955e2e8-8849-4173-9d4f-4fda900d7013', 'b7fb51be-b661-49a3-b10c-52c3a618aab6', 'Test Student', '079', '079', '704f7bb6-ac3c-4dc1-8bfa-9bf41454d538'),
('7a26be28-e351-4a57-b95c-d56bffcbfcc5', 'b7fb51be-b661-49a3-b10c-52c3a618aab6', 'Test Student', '080', '080', '6c964216-2d4e-4d07-8526-95e9b2b504ba'),
('5641df15-8340-44a4-b96a-9f6ad4c3d83f', 'b7fb51be-b661-49a3-b10c-52c3a618aab6', 'Test Student', '081', '081', 'e100008f-ba92-4c5c-a365-a582d1b5b264'),
('2168ba57-2a03-41b1-80c2-2d6e4c9c350b', 'b7fb51be-b661-49a3-b10c-52c3a618aab6', 'Test Student', '082', '082', '81081412-0673-4703-99eb-f33fa9ca667d'),
('fb3e3adb-44c0-401c-97b1-1e100b8f6549', 'b7fb51be-b661-49a3-b10c-52c3a618aab6', 'Test Student', '083', '083', '268d1312-92de-4d3a-a0e5-c33057014886'),
('3dcf6312-6650-440c-915a-9a82995c89e1', 'b7fb51be-b661-49a3-b10c-52c3a618aab6', 'Test Student', '084', '084', 'e05c8269-6e80-4dc2-a299-65c0fbd414fd'),
('0b64ed85-5aa8-43c2-823c-3f0c0e0cce55', 'b7fb51be-b661-49a3-b10c-52c3a618aab6', 'Test Student', '085', '085', '6c58deee-d7bf-4fca-a024-8335915a32b3'),
('473046b3-5fb1-4417-be5e-49a8618b7853', 'b7fb51be-b661-49a3-b10c-52c3a618aab6', 'Test Student', '086', '086', '15197c19-cacf-4e03-a0ef-6d4189d5bed9'),
('94961801-6b69-4d4d-ab16-d3777e8f4889', 'b7fb51be-b661-49a3-b10c-52c3a618aab6', 'Test Student', '087', '087', 'ce08ee14-7366-4b8b-ab1a-b93ffa688c49'),
('cbe8ee50-4baf-473e-a4e2-c26b44495874', 'b7fb51be-b661-49a3-b10c-52c3a618aab6', 'Test Student', '088', '088', 'd702cd03-1c9a-4126-a7c8-7e9b0b42d69c'),
('e12b59cb-7484-4738-b515-1a1e751fc816', 'b7fb51be-b661-49a3-b10c-52c3a618aab6', 'Test Student', '089', '089', '5f3cff51-5e70-48e1-a794-038204df7ab0'),
('c34c97eb-c16b-41b4-908c-266217dc6b2d', 'b7fb51be-b661-49a3-b10c-52c3a618aab6', 'Test Student', '090', '090', '61c52273-c297-41c5-9caf-86a309d7074b'),
('f25a6495-e6f4-48e6-922f-767f950e922d', 'b7fb51be-b661-49a3-b10c-52c3a618aab6', 'Test Student', '091', '091', '1ad55361-8bbd-4ecb-b897-0b54d8f364ea'),
('e3db84f0-0e4f-4277-a7da-3ac996340340', 'b7fb51be-b661-49a3-b10c-52c3a618aab6', 'Test Student', '092', '092', 'f5bc1b6e-bb6b-49d6-b0e4-2d0ec8d2a887'),
('5c3c5463-7fd1-41a6-8fbe-ebe79543f7d3', 'b7fb51be-b661-49a3-b10c-52c3a618aab6', 'Test Student', '093', '093', '90fce084-a576-455a-8081-eb7bf1e0a998'),
('51a9db00-d495-4a1c-84c8-c051f09a4f6b', 'b7fb51be-b661-49a3-b10c-52c3a618aab6', 'Test Student', '094', '094', 'bd506516-cd87-4a53-b5cd-d723f5e513f3'),
('335d81d0-a5d1-4377-b475-24b7f2a161ef', 'b7fb51be-b661-49a3-b10c-52c3a618aab6', 'Test Student', '095', '095', 'd75187e6-be94-4376-a01d-81c13861803f'),
('ea0ed2e0-40a1-4c01-a9c2-ab3cc0671a07', 'b7fb51be-b661-49a3-b10c-52c3a618aab6', 'Test Student', '096', '096', '139a8fb0-da0e-4050-9a9a-ceb81300ec34'),
('37edcbb9-7ec5-47a7-820e-7681998eb511', 'b7fb51be-b661-49a3-b10c-52c3a618aab6', 'Test Student', '097', '097', 'c7539e57-9838-487b-94dd-67b8ce349420'),
('a3f4a190-23ae-406a-84de-563895279956', 'b7fb51be-b661-49a3-b10c-52c3a618aab6', 'Test Student', '098', '098', '97c3728b-a85d-46a8-b9ec-b3a63c8d8c85'),
('27f6f133-b7ca-4fb7-8cc5-785e74117437', 'b7fb51be-b661-49a3-b10c-52c3a618aab6', 'Test Student', '099', '099', '2afac478-8fd7-4189-96c3-4a4bd488779b'),
('3927bafa-50d8-45fc-bf35-135fcf6900ec', 'b7fb51be-b661-49a3-b10c-52c3a618aab6', 'Test Student', '100', '100', '076f7a04-fb5b-46fa-b159-f11b87ce7748'),
('7c7655c4-e94c-4b29-935c-977ffb2d20f5', 'b7fb51be-b661-49a3-b10c-52c3a618aab6', 'Test Student', '101', '101', '7d70fc48-6c51-41df-82e2-a0b5a9d14e1a'),
('74692afd-3eba-4615-983f-9b3520445d01', 'b7fb51be-b661-49a3-b10c-52c3a618aab6', 'Test Student', '102', '102', '53b911ed-57f5-421e-af6a-425d4549d3f3'),
('46382290-c9b5-4f2a-a5b0-c682c3134e5b', 'b7fb51be-b661-49a3-b10c-52c3a618aab6', 'Test Student', '103', '103', '7d7522fd-eaa7-4491-a30a-8775deda2201'),
('20b83f77-01da-4481-9419-61c64f071f6e', 'b7fb51be-b661-49a3-b10c-52c3a618aab6', 'Test Student', '104', '104', 'd7fc3620-0a6f-4a41-aa70-87b00e6ae7cf'),
('3ab2d93a-7e7f-4840-b0bc-0c3493d27604', 'b7fb51be-b661-49a3-b10c-52c3a618aab6', 'Test Student', '105', '105', '07f12071-46d9-4096-a18b-0be3dba65cdd'),
('d3ea772b-5b9d-4a3f-9975-5a4df50b7878', 'b7fb51be-b661-49a3-b10c-52c3a618aab6', 'Test Student', '106', '106', '5063e24f-e099-47c2-a371-d9705dd45729'),
('3b526698-5018-41a3-a68a-d343218ab7aa', 'b7fb51be-b661-49a3-b10c-52c3a618aab6', 'Test Student', '107', '107', 'c72fd35b-75d7-425a-99a7-89b1203d9643'),
('e8296602-b938-4e76-af64-d4a604bde804', 'b7fb51be-b661-49a3-b10c-52c3a618aab6', 'Test Student', '108', '108', '18568ae4-bb41-4da1-af91-a5b6dff9022f'),
('064d9da4-5669-4ea5-9ba9-25307a803cab', 'b7fb51be-b661-49a3-b10c-52c3a618aab6', 'Test Student', '109', '109', '8b05db86-dc42-48be-9d59-de84b3ecae3e'),
('2e87b44a-6c53-4cbe-87ff-ae7a89da73f2', 'b7fb51be-b661-49a3-b10c-52c3a618aab6', 'Test Student', '110', '110', '6ce2755a-37e2-4545-be5b-5090da8cbf61'),
('2ec0ccdd-34c0-4ef9-b845-5e9dc4b6d0aa', 'b7fb51be-b661-49a3-b10c-52c3a618aab6', 'Test Student', '111', '111', 'e0345192-f8fb-47ba-923d-b7790364993e'),
('78d5e5bf-3857-40aa-8637-03a5cf7db80b', 'b7fb51be-b661-49a3-b10c-52c3a618aab6', 'Test Student', '112', '112', 'c103d457-4fe9-49cc-a340-190b17821177'),
('6e6893ee-c849-446a-abb2-f87ac829ff01', 'b7fb51be-b661-49a3-b10c-52c3a618aab6', 'Test Student', '113', '113', '2677a09b-65fd-4172-8a97-33ada2221745'),
('276b5ed1-cbe1-4be8-92dc-8fcd77e18fcd', 'b7fb51be-b661-49a3-b10c-52c3a618aab6', 'Test Student', '114', '114', 'beff63e1-dfc9-456b-84ac-ba0ce5ce593d'),
('17d935d1-b23f-42ac-a343-12d9eb68e1d8', 'b7fb51be-b661-49a3-b10c-52c3a618aab6', 'Test Student', '115', '115', 'd039712c-baa3-4134-be6a-05d7e9aaa8d4'),
('020cdaf9-7216-4ad0-9ba1-24571a8baba2', 'b7fb51be-b661-49a3-b10c-52c3a618aab6', 'Test Student', '116', '116', 'fd28edcb-75cf-431e-b1da-67e6a03b41a9'),
('0f875bc4-4667-4dba-a47e-f098a725c119', 'b7fb51be-b661-49a3-b10c-52c3a618aab6', 'Test Student', '117', '117', 'c89663ce-e2ba-4129-a05a-ea9b55e8c434'),
('f3220e95-2eb3-42c1-94b2-8ff6aba41850', 'b7fb51be-b661-49a3-b10c-52c3a618aab6', 'Test Student', '118', '118', 'a980c514-622d-4957-bacf-80454b1f26a1'),
('045f999b-d8cd-4b6b-a60b-185b93d884a7', 'b7fb51be-b661-49a3-b10c-52c3a618aab6', 'Test Student', '119', '119', '4aa1786c-cb1a-4446-b905-887fb4445e39'),
('8d9657ba-7e5f-43ce-9b9a-16483ac083bc', 'b7fb51be-b661-49a3-b10c-52c3a618aab6', 'Test Student', '120', '120', 'a302475a-8675-4d7a-a63a-8b16c7b833a4');

INSERT INTO class_students (class_id, student_id) VALUES 
('5f1ff06e-5659-430c-a3d7-4b6a7623c9d8', '3a9832c2-641a-46b1-8b76-3130d9612fa7'),
('5f1ff06e-5659-430c-a3d7-4b6a7623c9d8', '156ee096-4f70-4015-92ac-fc01a7a08f63'),
('5f1ff06e-5659-430c-a3d7-4b6a7623c9d8', '3f519594-0ba4-458c-9f58-a19202ac810e'),
('5f1ff06e-5659-430c-a3d7-4b6a7623c9d8', 'be61d255-83a1-4988-a8c3-487534613fe2'),
('5f1ff06e-5659-430c-a3d7-4b6a7623c9d8', 'ed972444-089f-4829-8f0b-be666c59caf7'),
('5f1ff06e-5659-430c-a3d7-4b6a7623c9d8', 'f7794ddf-13ac-490b-9a14-d8458e085c78'),
('5f1ff06e-5659-430c-a3d7-4b6a7623c9d8', '704e7d18-6319-4d0d-8b17-1507d3a69a10'),
('5f1ff06e-5659-430c-a3d7-4b6a7623c9d8', '0684b6c9-8e20-4cbb-bd97-c6d571e3fa2e'),
('5f1ff06e-5659-430c-a3d7-4b6a7623c9d8', 'a1bbbdab-76b0-4beb-ae41-7b80d77cb5d2'),
('5f1ff06e-5659-430c-a3d7-4b6a7623c9d8', '629d623a-7985-4a7b-95d3-94716066a937'),
('5f1ff06e-5659-430c-a3d7-4b6a7623c9d8', '76678362-9001-446c-a990-7b244f90820d'),
('5f1ff06e-5659-430c-a3d7-4b6a7623c9d8', 'd0e2d706-6490-4bce-aea2-d3226c464b32'),
('5f1ff06e-5659-430c-a3d7-4b6a7623c9d8', 'd46e4b89-c84b-4e17-a974-de5f8987c00f'),
('5f1ff06e-5659-430c-a3d7-4b6a7623c9d8', 'f449521e-dc6a-4709-88b4-d20455c150fb'),
('5f1ff06e-5659-430c-a3d7-4b6a7623c9d8', '4a3707de-1d75-4709-8fcb-d9aab5bf636c'),
('5f1ff06e-5659-430c-a3d7-4b6a7623c9d8', '3027ff49-6a91-44e5-8245-7e2865c7e9ed'),
('5f1ff06e-5659-430c-a3d7-4b6a7623c9d8', '708febcb-473c-4226-ac06-5522d5c6b0c2'),
('5f1ff06e-5659-430c-a3d7-4b6a7623c9d8', 'fa6ff7ad-632b-48a1-a487-199fd7d5a548'),
('5f1ff06e-5659-430c-a3d7-4b6a7623c9d8', '5d411f76-d252-4229-acdf-f1ea2c6c3100'),
('5f1ff06e-5659-430c-a3d7-4b6a7623c9d8', 'ef1b7dc0-ed31-45d1-9511-2917a5f3be2d'),
('5f1ff06e-5659-430c-a3d7-4b6a7623c9d8', '3d71590b-749c-40b7-8bb6-79c7a9c25c6c'),
('5f1ff06e-5659-430c-a3d7-4b6a7623c9d8', 'acb9ab92-5e4f-4903-ae87-130d09dfd35d'),
('5f1ff06e-5659-430c-a3d7-4b6a7623c9d8', 'd6395c1d-701e-495a-8282-c687e2237017'),
('5f1ff06e-5659-430c-a3d7-4b6a7623c9d8', '6488a45f-2829-42bc-9884-9f84948ec01d'),
('5f1ff06e-5659-430c-a3d7-4b6a7623c9d8', '6fb62a9d-9485-4203-8dcb-5121172087d0'),
('5f1ff06e-5659-430c-a3d7-4b6a7623c9d8', 'e0b772be-8de7-4622-a1b3-1a6d44090b5f'),
('5f1ff06e-5659-430c-a3d7-4b6a7623c9d8', '9b0e5261-c65b-4900-8f01-35876c3e7b4a'),
('5f1ff06e-5659-430c-a3d7-4b6a7623c9d8', '1cb78325-8de8-441f-b8dd-38a43ef2fafb'),
('5f1ff06e-5659-430c-a3d7-4b6a7623c9d8', '461d7faf-7f8e-4c22-8ea3-56b7604cb225'),
('5f1ff06e-5659-430c-a3d7-4b6a7623c9d8', 'f4099751-4aeb-4760-9603-1cd15e8eb7aa'),
('5f1ff06e-5659-430c-a3d7-4b6a7623c9d8', '73213b47-bccf-494e-ad92-ba1b5f8a0dac'),
('5f1ff06e-5659-430c-a3d7-4b6a7623c9d8', '3241b451-b96c-424d-987f-822191c661a8'),
('5f1ff06e-5659-430c-a3d7-4b6a7623c9d8', 'c1022630-c1c7-44dd-abe2-c5caf6d7b991'),
('5f1ff06e-5659-430c-a3d7-4b6a7623c9d8', 'b9c9954f-073f-4c17-a124-6b2a5be8f403'),
('5f1ff06e-5659-430c-a3d7-4b6a7623c9d8', 'be49b58b-5a71-4de8-b077-53e0948c96a9'),
('5f1ff06e-5659-430c-a3d7-4b6a7623c9d8', 'ee4cb7a6-ff2e-43d0-9770-f30b946b3731'),
('5f1ff06e-5659-430c-a3d7-4b6a7623c9d8', 'd5a62ee1-9e6a-432a-9219-11de4765da85'),
('5f1ff06e-5659-430c-a3d7-4b6a7623c9d8', '1f021ed7-6a6f-42fe-8997-059732bf3f20'),
('5f1ff06e-5659-430c-a3d7-4b6a7623c9d8', '69a30571-cf59-43d3-bac8-49f63d973dd6'),
('5f1ff06e-5659-430c-a3d7-4b6a7623c9d8', 'bbd87515-2cf2-479c-9301-077380bb5729'),
('5f1ff06e-5659-430c-a3d7-4b6a7623c9d8', 'aeaa4b1b-b0d8-4f33-94a1-94203d649b16'),
('5f1ff06e-5659-430c-a3d7-4b6a7623c9d8', '4ebc52c4-4259-41a0-b771-4f7206b483b3'),
('5f1ff06e-5659-430c-a3d7-4b6a7623c9d8', 'd2f51e4e-9da2-4067-8cc1-9f758edbeb64'),
('5f1ff06e-5659-430c-a3d7-4b6a7623c9d8', 'dcf8b9ad-603e-4cc4-a1b3-4d7ec26bfc57'),
('5f1ff06e-5659-430c-a3d7-4b6a7623c9d8', '9c164557-db65-4827-86e2-b6c0922d5808'),
('5f1ff06e-5659-430c-a3d7-4b6a7623c9d8', 'a3a20fa8-20fd-4dec-bf9e-a909f3f81c50'),
('5f1ff06e-5659-430c-a3d7-4b6a7623c9d8', '173f393c-2e68-48f0-b527-6d88e501ffac'),
('5f1ff06e-5659-430c-a3d7-4b6a7623c9d8', 'a233e21a-d1b1-43e0-93b2-fcb8e7337a91'),
('5f1ff06e-5659-430c-a3d7-4b6a7623c9d8', '90bd7d2a-90e3-4c87-a7bc-4bbc18b31db9'),
('5f1ff06e-5659-430c-a3d7-4b6a7623c9d8', 'e3ed06ad-642c-4d73-b96c-370d4e908f70'),
('5f1ff06e-5659-430c-a3d7-4b6a7623c9d8', '82831038-2f94-47f7-b296-d4028fdd3c3c'),
('5f1ff06e-5659-430c-a3d7-4b6a7623c9d8', '67f3a9f9-7e30-4cf1-9ac3-c8a904011af5'),
('5f1ff06e-5659-430c-a3d7-4b6a7623c9d8', 'ff58220e-dc85-4816-a094-d3825395178b'),
('5f1ff06e-5659-430c-a3d7-4b6a7623c9d8', 'bc2f2f1c-2704-48a9-9a34-ba0bf1c05d16'),
('5f1ff06e-5659-430c-a3d7-4b6a7623c9d8', '8ecf417b-801f-4825-afb9-f264d2b3486e'),
('5f1ff06e-5659-430c-a3d7-4b6a7623c9d8', '8e6c388e-d9a8-44ca-a3af-4189f6968f84'),
('5f1ff06e-5659-430c-a3d7-4b6a7623c9d8', '722e24f2-b240-474a-8ea2-a3eacac44758'),
('5f1ff06e-5659-430c-a3d7-4b6a7623c9d8', 'f845433e-bb8f-4428-b796-d63aa0a0ca44'),
('5f1ff06e-5659-430c-a3d7-4b6a7623c9d8', '84506ad4-b1f4-479c-93c2-8277514f274b'),
('5f1ff06e-5659-430c-a3d7-4b6a7623c9d8', 'e5ac82a4-46cf-447a-9d20-523658ada706'),
('5f1ff06e-5659-430c-a3d7-4b6a7623c9d8', '0835fe63-c109-4b88-b86f-ca21f276e27d'),
('5f1ff06e-5659-430c-a3d7-4b6a7623c9d8', '717102f4-30f1-4f18-8fd3-6ead64d67a14'),
('5f1ff06e-5659-430c-a3d7-4b6a7623c9d8', 'c45cac27-a9f2-4d62-820e-805938846dbc'),
('5f1ff06e-5659-430c-a3d7-4b6a7623c9d8', 'c92d7d0a-2ecb-498f-a4c4-ea259abb3f87'),
('5f1ff06e-5659-430c-a3d7-4b6a7623c9d8', '0fb83c99-8fe4-4552-8c3b-38c2dc643ccd'),
('5f1ff06e-5659-430c-a3d7-4b6a7623c9d8', '22837c06-ee57-4c93-849b-d2c79600a9f4'),
('5f1ff06e-5659-430c-a3d7-4b6a7623c9d8', '92a44b2b-af10-48e6-bbef-ed8ab754cba8'),
('5f1ff06e-5659-430c-a3d7-4b6a7623c9d8', 'e55c23f3-43b5-4aae-b5e8-a656dfed2ac2'),
('5f1ff06e-5659-430c-a3d7-4b6a7623c9d8', 'cba016c7-70c2-4de1-93e6-ba22b0d2ae04'),
('5f1ff06e-5659-430c-a3d7-4b6a7623c9d8', '16851582-eb50-4c2d-b816-eed7e09191a8'),
('5f1ff06e-5659-430c-a3d7-4b6a7623c9d8', '7b5d1d4d-e44d-4ce9-a0f3-99fcf5eb4cf8'),
('5f1ff06e-5659-430c-a3d7-4b6a7623c9d8', '9004b638-1925-4ab8-997a-6f2b0e78336f'),
('5f1ff06e-5659-430c-a3d7-4b6a7623c9d8', '85d49d73-c8ea-4aec-b6d6-62eff91f2fbe'),
('5f1ff06e-5659-430c-a3d7-4b6a7623c9d8', '17e1231f-9d2b-40ed-9ae5-16e1d2c48313'),
('5f1ff06e-5659-430c-a3d7-4b6a7623c9d8', '9ad571a0-f326-4da0-91db-ebaa210aab27'),
('5f1ff06e-5659-430c-a3d7-4b6a7623c9d8', 'a75ceab8-a1ce-4099-a93b-0e7ba7db8c76'),
('5f1ff06e-5659-430c-a3d7-4b6a7623c9d8', '5b40dabe-2c6b-4fb6-9bd6-bfdc492145ee'),
('5f1ff06e-5659-430c-a3d7-4b6a7623c9d8', 'aff9fef5-0169-4342-a5c6-b7862dfdc5f3'),
('5f1ff06e-5659-430c-a3d7-4b6a7623c9d8', '9955e2e8-8849-4173-9d4f-4fda900d7013'),
('5f1ff06e-5659-430c-a3d7-4b6a7623c9d8', '7a26be28-e351-4a57-b95c-d56bffcbfcc5'),
('5f1ff06e-5659-430c-a3d7-4b6a7623c9d8', '5641df15-8340-44a4-b96a-9f6ad4c3d83f'),
('5f1ff06e-5659-430c-a3d7-4b6a7623c9d8', '2168ba57-2a03-41b1-80c2-2d6e4c9c350b'),
('5f1ff06e-5659-430c-a3d7-4b6a7623c9d8', 'fb3e3adb-44c0-401c-97b1-1e100b8f6549'),
('5f1ff06e-5659-430c-a3d7-4b6a7623c9d8', '3dcf6312-6650-440c-915a-9a82995c89e1'),
('5f1ff06e-5659-430c-a3d7-4b6a7623c9d8', '0b64ed85-5aa8-43c2-823c-3f0c0e0cce55'),
('5f1ff06e-5659-430c-a3d7-4b6a7623c9d8', '473046b3-5fb1-4417-be5e-49a8618b7853'),
('5f1ff06e-5659-430c-a3d7-4b6a7623c9d8', '94961801-6b69-4d4d-ab16-d3777e8f4889'),
('5f1ff06e-5659-430c-a3d7-4b6a7623c9d8', 'cbe8ee50-4baf-473e-a4e2-c26b44495874'),
('5f1ff06e-5659-430c-a3d7-4b6a7623c9d8', 'e12b59cb-7484-4738-b515-1a1e751fc816'),
('5f1ff06e-5659-430c-a3d7-4b6a7623c9d8', 'c34c97eb-c16b-41b4-908c-266217dc6b2d'),
('5f1ff06e-5659-430c-a3d7-4b6a7623c9d8', 'f25a6495-e6f4-48e6-922f-767f950e922d'),
('5f1ff06e-5659-430c-a3d7-4b6a7623c9d8', 'e3db84f0-0e4f-4277-a7da-3ac996340340'),
('5f1ff06e-5659-430c-a3d7-4b6a7623c9d8', '5c3c5463-7fd1-41a6-8fbe-ebe79543f7d3'),
('5f1ff06e-5659-430c-a3d7-4b6a7623c9d8', '51a9db00-d495-4a1c-84c8-c051f09a4f6b'),
('5f1ff06e-5659-430c-a3d7-4b6a7623c9d8', '335d81d0-a5d1-4377-b475-24b7f2a161ef'),
('5f1ff06e-5659-430c-a3d7-4b6a7623c9d8', 'ea0ed2e0-40a1-4c01-a9c2-ab3cc0671a07'),
('5f1ff06e-5659-430c-a3d7-4b6a7623c9d8', '37edcbb9-7ec5-47a7-820e-7681998eb511'),
('5f1ff06e-5659-430c-a3d7-4b6a7623c9d8', 'a3f4a190-23ae-406a-84de-563895279956'),
('5f1ff06e-5659-430c-a3d7-4b6a7623c9d8', '27f6f133-b7ca-4fb7-8cc5-785e74117437'),
('5f1ff06e-5659-430c-a3d7-4b6a7623c9d8', '3927bafa-50d8-45fc-bf35-135fcf6900ec'),
('5f1ff06e-5659-430c-a3d7-4b6a7623c9d8', '7c7655c4-e94c-4b29-935c-977ffb2d20f5'),
('5f1ff06e-5659-430c-a3d7-4b6a7623c9d8', '74692afd-3eba-4615-983f-9b3520445d01'),
('5f1ff06e-5659-430c-a3d7-4b6a7623c9d8', '46382290-c9b5-4f2a-a5b0-c682c3134e5b'),
('5f1ff06e-5659-430c-a3d7-4b6a7623c9d8', '20b83f77-01da-4481-9419-61c64f071f6e'),
('5f1ff06e-5659-430c-a3d7-4b6a7623c9d8', '3ab2d93a-7e7f-4840-b0bc-0c3493d27604'),
('5f1ff06e-5659-430c-a3d7-4b6a7623c9d8', 'd3ea772b-5b9d-4a3f-9975-5a4df50b7878'),
('5f1ff06e-5659-430c-a3d7-4b6a7623c9d8', '3b526698-5018-41a3-a68a-d343218ab7aa'),
('5f1ff06e-5659-430c-a3d7-4b6a7623c9d8', 'e8296602-b938-4e76-af64-d4a604bde804'),
('5f1ff06e-5659-430c-a3d7-4b6a7623c9d8', '064d9da4-5669-4ea5-9ba9-25307a803cab'),
('5f1ff06e-5659-430c-a3d7-4b6a7623c9d8', '2e87b44a-6c53-4cbe-87ff-ae7a89da73f2'),
('5f1ff06e-5659-430c-a3d7-4b6a7623c9d8', '2ec0ccdd-34c0-4ef9-b845-5e9dc4b6d0aa'),
('5f1ff06e-5659-430c-a3d7-4b6a7623c9d8', '78d5e5bf-3857-40aa-8637-03a5cf7db80b'),
('5f1ff06e-5659-430c-a3d7-4b6a7623c9d8', '6e6893ee-c849-446a-abb2-f87ac829ff01'),
('5f1ff06e-5659-430c-a3d7-4b6a7623c9d8', '276b5ed1-cbe1-4be8-92dc-8fcd77e18fcd'),
('5f1ff06e-5659-430c-a3d7-4b6a7623c9d8', '17d935d1-b23f-42ac-a343-12d9eb68e1d8'),
('5f1ff06e-5659-430c-a3d7-4b6a7623c9d8', '020cdaf9-7216-4ad0-9ba1-24571a8baba2'),
('5f1ff06e-5659-430c-a3d7-4b6a7623c9d8', '0f875bc4-4667-4dba-a47e-f098a725c119'),
('5f1ff06e-5659-430c-a3d7-4b6a7623c9d8', 'f3220e95-2eb3-42c1-94b2-8ff6aba41850'),
('5f1ff06e-5659-430c-a3d7-4b6a7623c9d8', '045f999b-d8cd-4b6b-a60b-185b93d884a7'),
('5f1ff06e-5659-430c-a3d7-4b6a7623c9d8', '8d9657ba-7e5f-43ce-9b9a-16483ac083bc');

